location,class,link
Amphitheatre, Sports, https://photos.app.goo.gl/6VS4k5rsednjjYbp8
G11, History, https://photos.app.goo.gl/BgtyMMr8MsLfSFRe7
Lab, Physics, https://photos.app.goo.gl/KpgdxRtXUAjDbJNt5
Transition, Math, https://photos.app.goo.gl/dUBzobBXoyumJCVi7
G11, Business, https://photos.app.goo.gl/HjWZpXQH5Q9aDPgZ8
G10, English, https://photos.app.goo.gl/dHDquShAnYrMt2eK9
G9, Enrichment, https://photos.app.goo.gl/guNtTA4Ks8nmGBKe9
Upper_Library, Enrichment, https://photos.app.goo.gl/DXPyAZ8bfnwnfyD4A
G6, SST, https://photos.app.goo.gl/hdbuevQSxJFXJ9DL7
G11, Enrichment, https://photos.app.goo.gl/MCrAF3c3Gp1cNcxZ6
Grove, Enrichment, https://photos.app.goo.gl/292m9d9eEMyXTC2YA
G8, Physics, https://photos.app.goo.gl/q5PuuUUDvNhCXwDw8
Library, Hindi, https://photos.app.goo.gl/hrwiowXhSKe77QBe7
Lab, Biology, https://photos.app.goo.gl/JhqxAPoai2BmjR8L7
G10, Maths, https://photos.app.goo.gl/osFJsaxitrZuXukG8
G9, History, https://photos.app.goo.gl/DyCRBp9snPBzGX3g6
DL, DesignLab, https://photos.app.goo.gl/hzmBGj7SGqtchbPx8
G9, Physics, https://photos.app.goo.gl/NHpMD1NyrD1G4nHBA
Upper_Library, Music, https://photos.app.goo.gl/HKQ6FprGZ42RWvbg8
Aquaponics, Aquaponics, https://photos.app.goo.gl/iK23vmE3LGDrzPaTA
Transition, English, https://photos.app.goo.gl/xL9xD63G9LDmoafa9
Bridge, NA, https://photos.app.goo.gl/vXTfDMYLzjiNXNzE9

